num,fecha,n1,n2,n3,n4,n5,n6,tipo,fechaDisplay
1,2026-05-13,0,15,26,36,37,40,SALE,13 may 2026
2,2026-05-13,5,17,18,27,32,38,REV,13 may 2026
3,2026-05-10,3,4,6,21,40,43,SALE,10 may 2026
4,2026-05-10,1,8,15,21,24,44,REV,10 may 2026
5,2026-05-06,0,5,7,20,30,40,SALE,06 may 2026
6,2026-05-06,3,25,30,33,34,35,REV,06 may 2026
7,2026-05-03,0,12,22,28,41,44,SALE,03 may 2026
8,2026-05-03,5,7,19,28,29,32,REV,03 may 2026
9,2026-04-29,3,6,15,19,38,45,SALE,29 abr 2026
10,2026-04-29,1,8,16,25,33,43,REV,29 abr 2026
11,2026-04-26,11,14,20,34,38,40,SALE,26 abr 2026
12,2026-04-26,2,9,32,40,41,42,REV,26 abr 2026
13,2026-04-22,7,13,20,23,35,41,SALE,22 abr 2026
14,2026-04-22,10,12,17,27,41,44,REV,22 abr 2026
15,2026-04-19,7,11,12,26,30,36,SALE,19 abr 2026
16,2026-04-19,2,7,16,29,38,45,REV,19 abr 2026
17,2026-04-15,0,10,19,42,43,44,SALE,15 abr 2026
18,2026-04-15,26,27,30,35,37,38,REV,15 abr 2026
19,2026-04-12,5,8,14,22,26,36,SALE,12 abr 2026
20,2026-04-12,13,19,22,25,40,41,REV,12 abr 2026
21,2026-04-08,0,8,12,23,32,36,SALE,08 abr 2026
22,2026-04-08,12,18,24,31,36,40,REV,08 abr 2026
23,2026-04-05,6,7,8,12,35,41,SALE,05 abr 2026
24,2026-04-05,6,13,17,29,33,36,REV,05 abr 2026
25,2026-04-01,3,10,12,19,32,36,SALE,01 abr 2026
26,2026-04-01,3,16,35,39,44,45,REV,01 abr 2026
27,2026-03-29,1,16,24,36,42,45,SALE,29 mar 2026
28,2026-03-29,6,8,15,24,36,42,REV,29 mar 2026
29,2026-03-25,3,10,18,27,33,39,SALE,25 mar 2026
30,2026-03-25,12,27,28,29,36,42,REV,25 mar 2026
31,2026-03-22,12,24,25,28,40,44,SALE,22 mar 2026
32,2026-03-22,5,12,33,36,41,43,REV,22 mar 2026
33,2026-03-18,11,13,17,23,28,35,SALE,18 mar 2026
34,2026-03-18,12,13,14,29,41,42,REV,18 mar 2026
35,2026-03-15,4,14,16,26,33,36,SALE,15 mar 2026
36,2026-03-15,0,35,39,41,42,45,REV,15 mar 2026
37,2026-03-11,9,10,21,35,43,44,SALE,11 mar 2026
38,2026-03-11,3,9,16,19,21,40,REV,11 mar 2026
39,2026-03-08,14,16,19,25,28,36,SALE,08 mar 2026
40,2026-03-08,5,27,29,33,37,43,REV,08 mar 2026
41,2026-03-04,1,5,14,17,31,38,SALE,04 mar 2026
42,2026-03-04,6,11,26,29,34,35,REV,04 mar 2026
43,2026-03-01,13,14,25,30,33,44,SALE,01 mar 2026
44,2026-03-01,7,9,32,41,42,43,REV,01 mar 2026
45,2026-02-25,6,20,22,27,40,41,SALE,25 feb 2026
46,2026-02-25,3,5,14,18,20,24,REV,25 feb 2026
47,2026-02-22,5,9,16,18,25,35,SALE,22 feb 2026
48,2026-02-22,11,16,28,36,40,41,REV,22 feb 2026
49,2026-02-18,2,9,10,14,28,38,SALE,18 feb 2026
50,2026-02-18,5,8,17,31,37,45,REV,18 feb 2026
51,2026-02-15,4,7,12,22,26,39,SALE,15 feb 2026
52,2026-02-15,7,11,13,14,36,37,REV,15 feb 2026
53,2026-02-11,8,20,23,27,28,45,SALE,11 feb 2026
54,2026-02-11,3,8,13,34,35,43,REV,11 feb 2026
55,2026-02-08,4,7,23,32,37,38,SALE,08 feb 2026
56,2026-02-08,4,17,20,21,37,39,REV,08 feb 2026
57,2026-02-04,22,26,28,31,33,34,SALE,04 feb 2026
58,2026-02-04,7,19,31,34,39,44,REV,04 feb 2026
59,2026-02-01,9,30,31,42,43,45,SALE,01 feb 2026
60,2026-02-01,3,19,20,21,30,39,REV,01 feb 2026
61,2026-01-28,21,28,40,41,44,45,SALE,28 ene 2026
62,2026-01-28,6,17,26,32,34,41,REV,28 ene 2026
63,2026-01-25,10,12,13,18,38,40,SALE,25 ene 2026
64,2026-01-25,7,10,21,33,34,45,REV,25 ene 2026
65,2026-01-21,6,8,27,31,33,40,SALE,21 ene 2026
66,2026-01-21,0,33,35,37,38,43,REV,21 ene 2026
67,2026-01-18,4,5,9,13,20,29,SALE,18 ene 2026
68,2026-01-18,21,23,24,27,37,43,REV,18 ene 2026
69,2026-01-14,7,19,26,33,36,41,SALE,14 ene 2026
70,2026-01-14,2,3,18,22,25,36,REV,14 ene 2026
71,2026-01-11,4,6,7,17,19,35,SALE,11 ene 2026
72,2026-01-11,13,27,31,33,35,42,REV,11 ene 2026
73,2026-01-07,7,12,19,30,33,36,SALE,07 ene 2026
74,2026-01-07,5,13,16,32,35,39,REV,07 ene 2026
75,2026-01-04,6,19,23,24,31,45,SALE,04 ene 2026
76,2026-01-04,7,8,15,30,33,45,REV,04 ene 2026
77,2025-12-31,1,15,21,28,36,39,SALE,31 dic 2025
78,2025-12-31,8,12,21,31,36,40,REV,31 dic 2025
79,2025-12-28,7,13,15,25,35,41,SALE,28 dic 2025
80,2025-12-28,16,24,25,28,34,38,REV,28 dic 2025
81,2025-12-24,6,13,24,30,31,43,SALE,24 dic 2025
82,2025-12-24,8,15,31,34,35,42,REV,24 dic 2025
83,2025-12-21,6,17,19,22,29,41,SALE,21 dic 2025
84,2025-12-21,10,17,26,27,32,40,REV,21 dic 2025
85,2025-12-17,8,14,31,32,35,39,SALE,17 dic 2025
86,2025-12-17,3,19,20,25,29,38,REV,17 dic 2025
87,2025-12-14,2,13,31,32,40,43,SALE,14 dic 2025
88,2025-12-14,4,6,16,22,34,36,REV,14 dic 2025
89,2025-12-10,5,7,11,36,41,43,SALE,10 dic 2025
90,2025-12-10,1,4,10,24,35,40,REV,10 dic 2025
91,2025-12-07,5,14,17,29,33,43,SALE,07 dic 2025
92,2025-12-07,5,15,25,33,40,45,REV,07 dic 2025
93,2025-12-03,1,7,27,31,36,42,SALE,03 dic 2025
94,2025-12-03,3,15,21,22,30,32,REV,03 dic 2025
95,2025-11-30,13,22,36,39,40,44,SALE,30 nov 2025
96,2025-11-30,2,3,13,16,19,28,REV,30 nov 2025
97,2025-11-26,11,16,18,27,34,45,SALE,26 nov 2025
98,2025-11-26,20,25,34,36,40,41,REV,26 nov 2025
99,2025-11-23,4,6,30,36,40,41,SALE,23 nov 2025
100,2025-11-23,0,2,6,17,27,40,REV,23 nov 2025
101,2025-11-19,22,25,38,40,41,43,SALE,19 nov 2025
102,2025-11-19,4,5,10,32,35,39,REV,19 nov 2025
103,2025-11-16,5,19,20,24,26,43,SALE,16 nov 2025
104,2025-11-16,2,7,10,20,22,26,REV,16 nov 2025
105,2025-11-12,0,12,13,16,22,32,SALE,12 nov 2025
106,2025-11-12,19,28,32,34,37,41,REV,12 nov 2025
107,2025-11-09,5,17,18,21,22,26,SALE,09 nov 2025
108,2025-11-09,1,3,4,15,25,31,REV,09 nov 2025
109,2025-11-05,14,18,30,35,41,45,SALE,05 nov 2025
110,2025-11-05,1,12,24,31,32,38,REV,05 nov 2025
111,2025-11-02,20,22,31,34,38,40,SALE,02 nov 2025
112,2025-11-02,11,12,25,26,28,45,REV,02 nov 2025
113,2025-10-29,0,3,29,32,35,39,SALE,29 oct 2025
114,2025-10-29,8,11,17,22,37,39,REV,29 oct 2025
115,2025-10-26,5,14,20,24,32,34,SALE,26 oct 2025
116,2025-10-26,25,34,40,42,43,45,REV,26 oct 2025
117,2025-10-22,6,7,25,30,31,44,SALE,22 oct 2025
118,2025-10-22,3,14,15,20,38,40,REV,22 oct 2025
119,2025-10-19,6,21,26,33,41,44,SALE,19 oct 2025
120,2025-10-19,3,15,22,29,36,39,REV,19 oct 2025
121,2025-10-15,15,16,29,30,36,39,SALE,15 oct 2025
122,2025-10-15,0,2,3,17,21,22,REV,15 oct 2025
123,2025-10-12,0,12,18,28,29,43,SALE,12 oct 2025
124,2025-10-12,1,2,9,12,34,37,REV,12 oct 2025
125,2025-10-08,15,21,27,37,42,45,SALE,08 oct 2025
126,2025-10-08,16,21,24,25,34,45,REV,08 oct 2025
127,2025-10-05,6,13,20,25,44,45,SALE,05 oct 2025
128,2025-10-05,3,15,19,21,22,43,REV,05 oct 2025
129,2025-10-01,1,3,8,18,20,27,SALE,01 oct 2025
130,2025-10-01,17,20,22,25,29,31,REV,01 oct 2025
131,2025-09-28,4,10,12,13,18,33,SALE,28 sep 2025
132,2025-09-28,2,7,15,18,22,27,REV,28 sep 2025
133,2025-09-24,3,6,17,21,24,31,SALE,24 sep 2025
134,2025-09-24,0,3,23,30,32,35,REV,24 sep 2025
135,2025-09-07,3,4,20,27,31,41,SALE,07 sep 2025
136,2025-09-07,0,9,11,38,40,42,REV,07 sep 2025
137,2025-09-03,13,29,35,36,37,43,SALE,03 sep 2025
138,2025-09-03,0,1,30,35,39,42,REV,03 sep 2025
139,2025-08-31,1,3,20,28,29,40,SALE,31 ago 2025
140,2025-08-31,8,9,14,18,31,34,REV,31 ago 2025
141,2025-08-27,2,5,6,7,16,33,SALE,27 ago 2025
142,2025-08-27,23,24,32,33,44,45,REV,27 ago 2025
143,2025-08-24,26,30,33,35,40,44,SALE,24 ago 2025
144,2025-08-24,14,15,20,26,41,44,REV,24 ago 2025
145,2025-08-20,27,30,33,34,42,44,SALE,20 aug 2025
146,2025-08-20,10,16,23,34,38,44,REV,20 aug 2025
147,2025-08-17,5,10,11,17,24,34,SALE,17 aug 2025
148,2025-08-17,4,12,17,22,40,44,REV,17 aug 2025
149,2025-08-13,8,9,12,17,35,36,SALE,13 aug 2025
150,2025-08-13,3,11,12,29,39,40,REV,13 aug 2025
151,2025-08-10,7,9,13,23,32,35,SALE,10 aug 2025
152,2025-08-10,8,17,24,31,43,44,REV,10 aug 2025
153,2025-08-06,4,11,27,32,41,45,SALE,06 aug 2025
154,2025-08-06,16,24,33,34,40,44,REV,06 aug 2025
155,2025-08-03,10,15,23,26,39,44,SALE,03 aug 2025
156,2025-08-03,5,26,31,34,41,44,REV,03 aug 2025
157,2025-07-30,1,7,8,17,27,28,SALE,30 jul 2025
158,2025-07-30,0,31,34,35,38,40,REV,30 jul 2025
159,2025-07-27,4,6,12,21,24,28,SALE,27 jul 2025
160,2025-07-27,9,11,13,25,35,36,REV,27 jul 2025
161,2025-07-23,9,12,13,15,20,21,SALE,23 jul 2025
162,2025-07-23,9,16,20,21,23,44,REV,23 jul 2025
163,2025-07-20,10,14,26,34,38,45,SALE,20 jul 2025
164,2025-07-20,19,22,25,31,35,38,REV,20 jul 2025
165,2025-07-16,19,31,33,38,43,44,SALE,16 jul 2025
166,2025-07-16,8,9,10,13,24,31,REV,16 jul 2025
167,2025-07-13,2,10,13,14,29,40,SALE,13 jul 2025
168,2025-07-13,3,8,15,18,28,42,REV,13 jul 2025
169,2025-07-09,11,21,23,32,36,43,SALE,09 jul 2025
170,2025-07-09,13,14,20,23,26,34,REV,09 jul 2025
171,2025-07-06,1,4,10,29,31,43,SALE,06 jul 2025
172,2025-07-06,3,21,33,35,41,42,REV,06 jul 2025
173,2025-07-02,0,4,7,9,16,26,SALE,02 jul 2025
174,2025-07-02,1,4,18,19,31,36,REV,02 jul 2025
175,2025-06-29,1,4,5,6,38,39,SALE,29 jun 2025
176,2025-06-29,3,4,8,11,24,42,REV,29 jun 2025
177,2025-06-25,10,16,17,21,27,33,SALE,25 jun 2025
178,2025-06-25,14,16,19,32,40,45,REV,25 jun 2025
179,2025-06-22,6,13,17,27,32,40,SALE,22 jun 2025
180,2025-06-22,6,7,21,25,30,41,REV,22 jun 2025
181,2025-06-18,4,10,16,37,38,45,SALE,18 jun 2025
182,2025-06-18,9,11,26,32,41,42,REV,18 jun 2025
183,2025-06-15,6,7,28,33,39,42,SALE,15 jun 2025
184,2025-06-15,10,14,16,20,29,36,REV,15 jun 2025
185,2025-06-11,6,7,19,26,35,41,SALE,11 jun 2025
186,2025-06-11,15,16,19,24,26,27,REV,11 jun 2025
187,2025-06-08,0,1,9,12,17,29,SALE,08 jun 2025
188,2025-06-08,8,9,12,29,40,43,REV,08 jun 2025
189,2025-06-04,6,9,22,37,42,45,SALE,04 jun 2025
190,2025-06-04,4,20,27,30,33,40,REV,04 jun 2025
191,2025-06-01,17,18,21,25,26,42,SALE,01 jun 2025
192,2025-06-01,13,20,25,27,30,36,REV,01 jun 2025
193,2025-05-28,17,31,34,37,39,42,SALE,28 may 2025
194,2025-05-28,8,15,19,22,35,43,REV,28 may 2025
195,2025-05-25,13,29,30,36,38,42,SALE,25 may 2025
196,2025-05-25,10,14,17,24,30,42,REV,25 may 2025
197,2025-05-21,10,19,22,24,29,37,SALE,21 may 2025
198,2025-05-21,0,2,5,40,42,44,REV,21 may 2025
199,2025-05-18,8,10,23,27,28,29,SALE,18 may 2025
200,2025-05-18,8,24,36,38,41,43,REV,18 may 2025
201,2025-05-14,3,22,26,39,40,41,SALE,14 may 2025
202,2025-05-14,2,20,29,31,33,44,REV,14 may 2025
203,2025-05-11,8,11,12,15,20,30,SALE,11 may 2025
204,2025-05-11,9,17,28,29,41,43,REV,11 may 2025
205,2025-05-07,6,9,32,36,42,43,SALE,07 may 2025
206,2025-05-07,8,10,12,17,31,45,REV,07 may 2025
207,2025-05-04,15,26,31,34,39,45,SALE,04 may 2025
208,2025-05-04,1,8,11,14,18,30,REV,04 may 2025
209,2025-04-30,0,16,17,30,35,41,SALE,30 apr 2025
210,2025-04-30,13,15,19,33,38,40,REV,30 apr 2025
211,2025-04-27,3,6,8,17,20,21,SALE,27 apr 2025
212,2025-04-27,12,15,18,33,35,41,REV,27 apr 2025
213,2025-04-23,1,5,24,33,34,38,SALE,23 apr 2025
214,2025-04-23,2,8,10,18,19,37,REV,23 apr 2025
215,2025-04-20,4,21,29,31,39,45,SALE,20 apr 2025
216,2025-04-20,2,8,11,22,24,28,REV,20 apr 2025
217,2025-04-16,2,9,16,24,28,36,SALE,16 apr 2025
218,2025-04-16,10,19,23,43,44,45,REV,16 apr 2025
219,2025-04-13,0,2,11,14,19,38,SALE,13 apr 2025
220,2025-04-13,2,10,16,37,38,43,REV,13 apr 2025
221,2025-04-09,4,13,35,37,41,43,SALE,09 apr 2025
222,2025-04-09,7,15,24,27,37,42,REV,09 apr 2025
223,2025-04-06,3,4,5,6,22,41,SALE,06 apr 2025
224,2025-04-06,10,27,29,31,36,37,REV,06 apr 2025
225,2025-03-30,0,3,17,25,33,44,SALE,30 mar 2025
226,2025-03-30,10,12,18,34,38,45,REV,30 mar 2025
227,2025-03-26,4,5,9,30,32,36,SALE,26 mar 2025
228,2025-03-26,16,22,29,38,43,45,REV,26 mar 2025
229,2025-03-23,8,13,20,24,27,32,SALE,23 mar 2025
230,2025-03-23,16,21,25,31,33,42,REV,23 mar 2025
231,2025-03-19,0,1,6,20,36,45,SALE,19 mar 2025
232,2025-03-19,1,14,16,19,28,32,REV,19 mar 2025
233,2025-03-16,1,6,17,24,36,42,SALE,16 mar 2025
234,2025-03-16,2,7,17,19,25,36,REV,16 mar 2025
235,2025-03-12,0,16,17,24,30,37,SALE,12 mar 2025
236,2025-03-12,2,10,14,31,39,44,REV,12 mar 2025
237,2025-03-09,4,10,12,16,18,26,SALE,09 mar 2025
238,2025-03-09,7,19,27,32,36,39,REV,09 mar 2025
239,2025-03-05,1,3,14,17,22,34,SALE,05 mar 2025
240,2025-03-05,0,1,8,12,25,44,REV,05 mar 2025
241,2025-03-02,5,8,9,12,37,45,SALE,02 mar 2025
242,2025-03-02,0,7,22,27,35,41,REV,02 mar 2025
243,2025-02-26,0,5,10,20,29,30,SALE,26 feb 2025
244,2025-02-26,4,13,14,17,29,30,REV,26 feb 2025
245,2025-02-23,2,14,23,26,42,44,SALE,23 feb 2025
246,2025-02-23,0,6,7,38,39,42,REV,23 feb 2025
247,2025-02-19,7,9,12,13,24,31,SALE,19 feb 2025
248,2025-02-19,15,17,24,25,33,36,REV,19 feb 2025
249,2025-02-16,4,10,15,20,23,33,SALE,16 feb 2025
250,2025-02-16,2,7,10,13,42,44,REV,16 feb 2025
251,2025-02-12,4,24,27,33,36,37,SALE,12 feb 2025
252,2025-02-12,3,8,15,36,38,41,REV,12 feb 2025
253,2025-02-09,3,15,32,36,38,42,SALE,09 feb 2025
254,2025-02-09,13,14,17,23,31,37,REV,09 feb 2025
255,2025-02-05,13,14,16,22,31,45,SALE,05 feb 2025
256,2025-02-05,6,11,12,15,17,39,REV,05 feb 2025
257,2025-02-02,5,8,20,24,28,42,SALE,02 feb 2025
258,2025-02-02,2,17,33,36,39,41,REV,02 feb 2025
259,2025-01-21,14,18,21,25,29,45,SALE,21 sept 2025
260,2025-01-21,11,24,30,37,41,45,REV,21 sept 2025
261,2025-01-17,3,9,17,19,21,41,SALE,17 sept 2025
262,2025-01-17,4,11,15,22,31,36,REV,17 sept 2025
263,2025-01-14,1,6,11,31,42,44,SALE,14 sept 2025
264,2025-01-14,12,15,31,34,40,41,REV,14 sept 2025
265,2025-01-10,6,29,32,35,38,42,SALE,10 sept 2025
266,2025-01-10,6,12,18,24,30,44,REV,10 sept 2025
267,2024-11-27,27,28,31,38,40,42,SALE,27 nov 2024
268,2024-11-27,3,5,8,19,20,41,REV,27 nov 2024
269,2024-11-24,0,2,7,19,27,39,SALE,24 nov 2024
270,2024-11-24,3,8,9,22,25,43,REV,24 nov 2024
271,2024-11-20,4,5,14,26,29,32,SALE,20 nov 2024
272,2024-11-20,18,19,20,24,40,42,REV,20 nov 2024
273,2024-11-17,2,7,18,36,37,45,SALE,17 nov 2024
274,2024-11-17,7,11,14,32,33,43,REV,17 nov 2024
275,2024-11-13,2,20,22,23,41,45,SALE,13 nov 2024
276,2024-11-13,1,14,19,25,36,40,REV,13 nov 2024
277,2024-11-10,3,11,15,17,31,45,SALE,10 nov 2024
278,2024-11-10,0,1,28,33,36,41,REV,10 nov 2024
279,2024-11-06,8,10,19,34,43,45,SALE,06 nov 2024
280,2024-11-06,1,4,5,11,32,33,REV,06 nov 2024
281,2024-11-03,8,10,15,17,23,38,SALE,03 nov 2024
282,2024-11-03,9,21,23,32,34,39,REV,03 nov 2024
283,2024-10-30,0,8,26,29,30,40,SALE,30 oct 2024
284,2024-10-30,7,8,25,27,29,36,REV,30 oct 2024
285,2024-10-27,13,14,18,21,23,40,SALE,27 oct 2024
286,2024-10-27,4,7,12,27,28,41,REV,27 oct 2024
287,2024-10-23,20,21,23,24,34,45,SALE,23 oct 2024
288,2024-10-23,17,27,30,33,34,44,REV,23 oct 2024
289,2024-10-20,7,12,13,16,35,41,SALE,20 oct 2024
290,2024-10-20,2,7,15,16,22,24,REV,20 oct 2024
291,2024-10-16,5,17,20,21,30,31,SALE,16 oct 2024
292,2024-10-16,1,6,13,14,22,33,REV,16 oct 2024
293,2024-10-13,4,16,30,34,41,45,SALE,13 oct 2024
294,2024-10-13,13,19,21,23,29,30,REV,13 oct 2024
295,2024-10-09,1,2,8,11,33,37,SALE,09 oct 2024
296,2024-10-09,7,19,25,36,41,42,REV,09 oct 2024
297,2024-10-06,1,10,24,28,37,42,SALE,06 oct 2024
298,2024-10-06,12,17,19,22,34,40,REV,06 oct 2024
299,2024-10-02,14,18,23,24,25,40,SALE,02 oct 2024
300,2024-10-02,11,14,15,17,20,28,REV,02 oct 2024
301,2024-09-29,0,3,18,35,38,44,SALE,29 sep 2024
302,2024-09-29,15,24,28,31,33,43,REV,29 sep 2024
303,2024-09-25,4,14,19,24,37,41,SALE,25 sep 2024
304,2024-09-25,11,13,14,24,28,45,REV,25 sep 2024
305,2024-09-22,7,12,16,28,37,38,SALE,22 sep 2024
306,2024-09-22,0,11,15,19,42,44,REV,22 sep 2024
307,2024-09-18,23,25,29,35,36,40,SALE,18 sep 2024
308,2024-09-18,12,18,19,22,30,38,REV,18 sep 2024
309,2024-09-15,4,26,37,39,40,45,SALE,15 sep 2024
310,2024-09-15,2,4,10,20,36,44,REV,15 sep 2024
311,2024-09-11,11,12,16,25,36,40,SALE,11 sep 2024
312,2024-09-11,17,20,33,36,38,45,REV,11 sep 2024
313,2024-09-08,2,14,16,20,29,42,SALE,08 sep 2024
314,2024-09-08,1,11,12,25,36,40,REV,08 sep 2024
315,2024-09-04,0,1,14,22,29,33,SALE,04 sep 2024
316,2024-09-04,4,5,9,15,16,29,REV,04 sep 2024
317,2024-09-01,4,6,7,11,21,27,SALE,01 sep 2024
318,2024-09-01,0,9,13,16,24,34,REV,01 sep 2024
319,2024-06-30,3,8,14,16,26,44,SALE,30 jun 2024
320,2024-06-30,1,13,15,34,38,39,REV,30 jun 2024
321,2024-06-26,5,7,9,25,28,29,SALE,26 jun 2024
322,2024-06-26,11,14,20,27,28,43,REV,26 jun 2024
323,2024-06-23,4,21,23,29,34,37,SALE,23 jun 2024
324,2024-06-23,7,11,17,28,33,37,REV,23 jun 2024
325,2024-06-19,3,10,11,13,22,35,SALE,19 jun 2024
326,2024-06-19,0,9,13,14,21,36,REV,19 jun 2024
327,2024-06-16,17,19,28,29,32,45,SALE,16 jun 2024
328,2024-06-16,12,18,34,37,38,40,REV,16 jun 2024
329,2024-06-12,9,14,32,35,37,38,SALE,12 jun 2024
330,2024-06-12,1,8,9,23,24,33,REV,12 jun 2024
331,2024-06-09,1,19,22,33,36,42,SALE,09 jun 2024
332,2024-06-09,12,20,28,32,34,38,REV,09 jun 2024
333,2024-06-05,12,20,28,32,34,38,SALE,05 jun 2024
334,2024-06-05,4,12,19,22,26,32,REV,05 jun 2024
335,2024-06-02,2,6,20,23,26,42,SALE,02 jun 2024
336,2024-06-02,4,12,19,22,26,32,REV,02 jun 2024
337,2024-05-29,7,10,16,30,36,39,SALE,29 may 2024
338,2024-05-29,1,3,9,12,22,34,REV,29 may 2024
339,2024-05-26,11,14,19,36,38,41,SALE,26 may 2024
340,2024-05-26,1,6,22,33,35,43,REV,26 may 2024
341,2024-05-22,2,7,14,15,22,31,SALE,22 may 2024
342,2024-05-22,8,13,14,32,35,42,REV,22 may 2024
343,2024-05-19,0,7,14,19,36,39,SALE,19 may 2024
344,2024-05-19,2,3,8,35,38,42,REV,19 may 2024
345,2024-05-15,0,3,12,15,16,28,SALE,15 may 2024
346,2024-05-15,1,8,15,29,40,41,REV,15 may 2024
347,2024-05-12,2,15,33,34,35,40,SALE,12 may 2024
348,2024-05-12,1,10,18,20,40,45,REV,12 may 2024
349,2024-05-08,21,27,28,31,41,44,SALE,08 may 2024
350,2024-05-08,4,8,12,23,25,44,REV,08 may 2024
351,2024-05-05,3,5,6,12,28,34,SALE,05 may 2024
352,2024-05-05,11,14,18,21,31,39,REV,05 may 2024
353,2024-05-01,4,13,23,25,30,34,SALE,01 may 2024
354,2024-05-01,11,14,18,21,31,39,REV,01 may 2024
355,2024-03-31,7,17,28,32,37,40,SALE,31 mar 2024
356,2024-03-31,5,8,13,23,34,39,REV,31 mar 2024
357,2024-03-27,19,24,32,36,37,43,SALE,27 mar 2024
358,2024-03-27,1,16,21,31,37,43,REV,27 mar 2024
359,2024-03-24,4,10,24,26,28,39,SALE,24 mar 2024
360,2024-03-24,0,10,19,22,27,34,REV,24 mar 2024
361,2024-03-20,2,10,30,31,33,44,SALE,20 mar 2024
362,2024-03-20,6,19,22,30,36,42,REV,20 mar 2024
363,2024-03-17,8,14,15,23,36,44,SALE,17 mar 2024
364,2024-03-17,3,19,23,28,29,40,REV,17 mar 2024
365,2024-03-13,10,11,18,24,29,39,SALE,13 mar 2024
366,2024-03-13,1,8,10,15,34,42,REV,13 mar 2024
367,2024-03-10,5,25,33,36,37,42,SALE,10 mar 2024
368,2024-03-10,11,31,32,34,43,44,REV,10 mar 2024
369,2024-03-06,0,9,15,31,32,42,SALE,06 mar 2024
370,2024-03-06,2,18,24,26,28,29,REV,06 mar 2024
371,2024-03-03,11,12,13,37,42,44,SALE,03 mar 2024
372,2024-03-03,7,20,27,29,32,33,REV,03 mar 2024
373,2024-02-28,1,11,25,32,34,35,SALE,28 feb 2024
374,2024-02-28,2,10,17,19,30,37,REV,28 feb 2024
375,2024-02-25,5,18,23,30,34,44,SALE,25 feb 2024
376,2024-02-25,6,16,27,28,32,39,REV,25 feb 2024
377,2024-02-21,15,18,19,23,30,35,SALE,21 feb 2024
378,2024-02-21,19,29,32,36,37,42,REV,21 feb 2024
379,2024-02-18,3,10,12,37,41,44,SALE,18 feb 2024
380,2024-02-18,8,10,11,25,31,43,REV,18 feb 2024
381,2024-02-14,8,9,15,28,36,44,SALE,14 feb 2024
382,2024-02-14,1,3,16,33,34,38,REV,14 feb 2024
383,2024-02-11,9,11,20,22,27,33,SALE,11 feb 2024
384,2024-02-11,14,18,27,30,34,37,REV,11 feb 2024
385,2024-02-07,3,19,21,22,33,39,SALE,07 feb 2024
386,2024-02-07,10,17,20,30,36,39,REV,07 feb 2024
387,2024-02-04,20,26,33,39,41,44,SALE,04 feb 2024
388,2024-02-04,0,4,9,14,19,43,REV,04 feb 2024
389,2023-11-29,3,6,8,11,17,19,SALE,29 nov 2023
390,2023-11-29,3,7,9,11,27,42,REV,29 nov 2023
391,2023-11-26,3,4,7,15,21,30,SALE,26 nov 2023
392,2023-11-26,3,23,24,35,37,43,REV,26 nov 2023
393,2023-11-22,5,6,16,17,39,43,SALE,22 nov 2023
394,2023-11-22,12,13,21,23,44,45,REV,22 nov 2023
395,2023-11-19,0,8,13,15,29,35,SALE,19 nov 2023
396,2023-11-19,9,20,24,38,40,44,REV,19 nov 2023
397,2023-11-15,2,9,15,17,18,30,SALE,15 nov 2023
398,2023-11-15,13,15,20,29,41,44,REV,15 nov 2023
399,2023-11-12,4,8,22,27,29,43,SALE,12 nov 2023
400,2023-11-12,1,8,15,37,40,43,REV,12 nov 2023
401,2023-11-08,19,31,32,33,38,40,SALE,08 nov 2023
402,2023-11-08,5,25,27,28,30,44,REV,08 nov 2023
403,2023-11-05,12,27,31,33,38,44,SALE,05 nov 2023
404,2023-11-05,12,27,31,33,38,44,REV,05 nov 2023
405,2023-11-01,6,14,21,28,37,41,SALE,01 nov 2023
406,2023-11-01,0,8,32,35,39,43,REV,01 nov 2023
407,2023-10-29,0,9,22,26,28,45,SALE,29 oct 2023
408,2023-10-29,15,21,27,32,37,45,REV,29 oct 2023
409,2023-10-25,20,21,24,27,32,33,SALE,25 oct 2023
410,2023-10-25,4,10,18,23,27,36,REV,25 oct 2023
411,2023-10-22,3,25,26,35,40,44,SALE,22 oct 2023
412,2023-10-22,14,15,33,37,39,40,REV,22 oct 2023
413,2023-10-18,1,7,9,15,18,45,SALE,18 oct 2023
414,2023-10-18,3,6,15,22,37,40,REV,18 oct 2023
415,2023-10-15,19,23,25,30,32,42,SALE,15 oct 2023
416,2023-10-15,13,18,26,29,44,45,REV,15 oct 2023
417,2023-10-11,7,13,23,37,38,41,SALE,11 oct 2023
418,2023-10-11,5,8,14,22,27,38,REV,11 oct 2023
419,2023-10-08,7,13,14,21,25,26,SALE,08 oct 2023
420,2023-10-08,4,24,26,41,43,44,REV,08 oct 2023
421,2023-10-04,0,8,15,17,27,32,SALE,04 oct 2023
422,2023-10-04,5,31,33,35,36,42,REV,04 oct 2023
423,2023-10-01,9,14,28,33,35,42,SALE,01 oct 2023
424,2023-10-01,1,12,14,27,29,35,REV,01 oct 2023
425,2023-09-27,0,2,21,26,34,38,SALE,27 sep 2023
426,2023-09-27,20,23,28,34,38,44,REV,27 sep 2023
427,2023-09-24,0,1,14,27,29,41,SALE,24 sep 2023
428,2023-09-24,0,7,20,28,37,44,REV,24 sep 2023
429,2023-09-20,1,2,6,25,37,42,SALE,20 sep 2023
430,2023-09-20,21,25,29,34,42,45,REV,20 sep 2023
431,2023-09-17,14,16,21,22,41,42,SALE,17 sep 2023
432,2023-09-17,29,35,37,41,43,45,REV,17 sep 2023
433,2023-09-13,1,29,37,40,41,42,SALE,13 sep 2023
434,2023-09-13,4,13,17,29,34,38,REV,13 sep 2023
435,2023-09-10,2,5,11,16,17,34,SALE,10 sep 2023
436,2023-09-10,1,11,21,26,37,43,REV,10 sep 2023
437,2023-09-06,8,11,13,19,25,35,SALE,06 sep 2023
438,2023-09-06,2,5,11,16,17,34,REV,06 sep 2023
439,2023-09-03,2,3,13,25,26,32,SALE,03 sep 2023
440,2023-09-03,5,16,18,32,37,40,REV,03 sep 2023
441,2023-06-28,6,9,19,31,36,41,SALE,28 jun 2023
442,2023-06-28,1,25,34,38,43,44,REV,28 jun 2023
443,2023-06-25,17,22,27,29,35,45,SALE,25 jun 2023
444,2023-06-25,10,14,16,20,31,36,REV,25 jun 2023
445,2023-06-21,16,17,20,25,27,40,SALE,21 jun 2023
446,2023-06-21,8,20,23,24,31,34,REV,21 jun 2023
447,2023-06-18,2,4,15,19,27,37,SALE,18 jun 2023
448,2023-06-18,1,5,6,12,21,37,REV,18 jun 2023
449,2023-06-14,3,4,16,22,30,35,SALE,14 jun 2023
450,2023-06-14,2,5,13,19,32,45,REV,14 jun 2023
451,2023-06-11,17,18,25,26,31,45,SALE,11 jun 2023
452,2023-06-11,3,17,25,37,38,44,REV,11 jun 2023
453,2023-06-07,6,20,24,26,28,37,SALE,07 jun 2023
454,2023-06-07,4,5,20,21,29,35,REV,07 jun 2023
455,2023-06-04,1,5,20,26,31,39,SALE,04 jun 2023
456,2023-06-04,6,20,24,26,28,37,REV,04 jun 2023
457,2023-05-31,13,26,28,29,40,44,SALE,31 may 2023
458,2023-05-31,11,20,27,32,33,36,REV,31 may 2023
459,2023-05-28,7,13,15,28,30,39,SALE,28 may 2023
460,2023-05-28,4,9,10,19,35,43,REV,28 may 2023
461,2023-05-24,6,12,23,36,44,45,SALE,24 may 2023
462,2023-05-24,7,9,29,30,39,41,REV,24 may 2023
463,2023-05-21,1,6,13,17,34,38,SALE,21 may 2023
464,2023-05-21,9,11,16,20,22,43,REV,21 may 2023
465,2023-05-17,9,14,18,19,20,27,SALE,17 may 2023
466,2023-05-17,8,24,25,35,36,41,REV,17 may 2023
467,2023-05-14,3,6,8,20,36,39,SALE,14 may 2023
468,2023-05-14,6,14,18,27,30,45,REV,14 may 2023
469,2023-05-10,7,20,23,34,35,36,SALE,10 may 2023